id, check, score, error_var, message
m6, _sort_reps, 1, [], Passed
m6, _reps_dim_consistency, 1, [], Passed
m6, _gen_type_consistency, 1, [], Passed
m6, _allowed_charges, 1, [], Passed
m6, _deplicate_particles, 1, [], Passed
m6, _particle_numbers, 1, [], Passed
m6, _particle_types, 1, [], Passed
m6, _particle_charges, 0, ['particle:s1:charge', 'self_conjugate'], this field is self-conjugate, but the particles have non-zero charges.
m6, _all_particle_pass, 0, [], Skipped due to previous check failure
m6, _sort_particles, 0, [], Skipped due to previous check failure
m1, _sort_reps, 1, [], Passed
m1, _reps_dim_consistency, 1, [], Passed
m1, _gen_type_consistency, 1, [], Passed
m1, _allowed_charges, 1, [], Passed
m1, _deplicate_particles, 1, [], Passed
m1, _particle_numbers, 1, [], Passed
m1, _particle_types, 1, [], Passed
m1, _particle_charges, 1, [], Passed
m1, _all_particle_pass, 1, [], Passed
m1, _sort_particles, 1, [], Passed
m1, _assign_colors, 1, [], Passed
m2, _sort_reps, 1, [], Passed
m2, _reps_dim_consistency, 1, [], Passed
m2, _gen_type_consistency, 1, [], Passed
m2, _allowed_charges, 1, [], Passed
m2, _deplicate_particles, 1, [], Passed
m2, _particle_numbers, 1, [], Passed
m2, _particle_types, 1, [], Passed
m2, _particle_charges, 1, [], Passed
m2, _all_particle_pass, 1, [], Passed
m2, _sort_particles, 1, [], Passed
m2, _assign_colors, 1, [], Passed
m3, _sort_reps, 1, [], Passed
m3, _reps_dim_consistency, 1, [], Passed
m3, _gen_type_consistency, 1, [], Passed
m3, _allowed_charges, 1, [], Passed
m3, _deplicate_particles, 1, [], Passed
m3, _particle_numbers, 1, [], Passed
m3, _particle_types, 1, [], Passed
m3, _particle_charges, 1, [], Passed
m3, _all_particle_pass, 1, [], Passed
m3, _sort_particles, 1, [], Passed
m3, _assign_colors, 1, [], Passed
m4, _sort_reps, 1, [], Passed
m4, _reps_dim_consistency, 1, [], Passed
m4, _gen_type_consistency, 1, [], Passed
m4, _allowed_charges, 1, [], Passed
m4, _deplicate_particles, 1, [], Passed
m4, _particle_numbers, 1, [], Passed
m4, _particle_types, 1, [], Passed
m4, _particle_charges, 1, [], Passed
m4, _all_particle_pass, 1, [], Passed
m4, _sort_particles, 1, [], Passed
m4, _assign_colors, 1, [], Passed
m5, _sort_reps, 1, [], Passed
m5, _reps_dim_consistency, 1, [], Passed
m5, _gen_type_consistency, 1, [], Passed
m5, _allowed_charges, 1, [], Passed
m5, _deplicate_particles, 1, [], Passed
m5, _particle_numbers, 1, [], Passed
m5, _particle_types, 1, [], Passed
m5, _particle_charges, 1, [], Passed
m5, _all_particle_pass, 1, [], Passed
m5, _sort_particles, 1, [], Passed
m5, _assign_colors, 1, [], Passed
i1, _id_check, 1, [], Passed
i1, _field_length_check, 1, [], Passed
i1, _field_check, 1, [], Passed
i1, _params_check, 1, [], Passed
i1, _all_field_pass_checks, 0, ['field:m6'], Fields failed checks: ['field:m6']
i1, _check_replicate_fields, 0, [], Skipped due to previous check failure
i1, _sort_field, 0, [], Skipped due to previous check failure
i1, _gen_check, 0, [], Skipped due to previous check failure
i1, _dim_check, 0, [], Skipped due to previous check failure
i1, _dirac_bilinear_product, 0, [], Skipped due to previous check failure
i1, _get_massive_particles, 0, [], Skipped due to previous check failure
i1, _check_U1Y_gauge_symmetry, 0, [], Skipped due to previous check failure
i1, _yukawa_mass, 0, [], Skipped due to previous check failure
i1, _yukawa_matrix, 0, [], Skipped due to previous check failure
i1, _mixing_matrix, 0, [], Skipped due to previous check failure
i1, _yukawa_lagrangian, 0, [], Skipped due to previous check failure
i2, _id_check, 1, [], Passed
i2, _field_length_check, 1, [], Passed
i2, _field_check, 1, [], Passed
i2, _params_check, 1, [], Passed
i2, _all_field_pass_checks, 0, ['field:m6'], Fields failed checks: ['field:m6']
i2, _check_replicate_fields, 0, [], Skipped due to previous check failure
i2, _sort_field, 0, [], Skipped due to previous check failure
i2, _gen_check, 0, [], Skipped due to previous check failure
i2, _dim_check, 0, [], Skipped due to previous check failure
i2, _dirac_bilinear_product, 0, [], Skipped due to previous check failure
i2, _get_massive_particles, 0, [], Skipped due to previous check failure
i2, _check_U1Y_gauge_symmetry, 0, [], Skipped due to previous check failure
i2, _yukawa_mass, 0, [], Skipped due to previous check failure
i2, _yukawa_matrix, 0, [], Skipped due to previous check failure
i2, _mixing_matrix, 0, [], Skipped due to previous check failure
i2, _yukawa_lagrangian, 0, [], Skipped due to previous check failure
i3, _id_check, 1, [], Passed
i3, _field_length_check, 1, [], Passed
i3, _field_check, 1, [], Passed
i3, _params_check, 1, [], Passed
i3, _all_field_pass_checks, 0, ['field:m6'], Fields failed checks: ['field:m6']
i3, _check_replicate_fields, 0, [], Skipped due to previous check failure
i3, _sort_field, 0, [], Skipped due to previous check failure
i3, _gen_check, 0, [], Skipped due to previous check failure
i3, _dim_check, 0, [], Skipped due to previous check failure
i3, _dirac_bilinear_product, 0, [], Skipped due to previous check failure
i3, _get_massive_particles, 0, [], Skipped due to previous check failure
i3, _check_U1Y_gauge_symmetry, 0, [], Skipped due to previous check failure
i3, _yukawa_mass, 0, [], Skipped due to previous check failure
i3, _yukawa_matrix, 0, [], Skipped due to previous check failure
i3, _mixing_matrix, 0, [], Skipped due to previous check failure
i3, _yukawa_lagrangian, 0, [], Skipped due to previous check failure
i4, _id_check, 1, [], Passed
i4, _field_length_check, 1, [], Passed
i4, _field_check, 1, [], Passed
i4, _params_check, 1, [], Passed
i4, _all_field_pass_checks, 0, ['field:m6'], Fields failed checks: ['field:m6']
i4, _check_replicate_fields, 0, [], Skipped due to previous check failure
i4, _sort_field, 0, [], Skipped due to previous check failure
i4, _scalar_mass, 0, [], Skipped due to previous check failure
i4, _scalar_quartic, 0, [], Skipped due to previous check failure
i4, _scalar_lagrangian, 0, [], Skipped due to previous check failure
