id, check, score, max_score, error_var, good_var, message
s1, _type_check, 1, 1, [], ['particles.s1.type'], Passed, particle
s1, _name_check, 1, 1, [], ['particles.s1.name'], Passed, particle
s1, _mass_check, 1, 1, [], ['particles.s1.mass'], Passed, particle
s1, _charge_check, 1, 1, [], ['particles.s1.charge'], Passed, particle
s2, _type_check, 1, 1, [], ['particles.s2.type'], Passed, particle
s2, _name_check, 1, 1, [], ['particles.s2.name'], Passed, particle
s2, _mass_check, 1, 1, [], ['particles.s2.mass'], Passed, particle
s2, _charge_check, 1, 1, [], ['particles.s2.charge'], Passed, particle
f1, _type_check, 1, 1, [], ['particles.f1.type'], Passed, particle
f1, _name_check, 1, 1, [], ['particles.f1.name'], Passed, particle
f1, _mass_check, 1, 1, [], ['particles.f1.mass'], Passed, particle
f1, _charge_check, 1, 1, [], ['particles.f1.charge'], Passed, particle
f2, _type_check, 1, 1, [], ['particles.f2.type'], Passed, particle
f2, _name_check, 1, 1, [], ['particles.f2.name'], Passed, particle
f2, _mass_check, 1, 1, [], ['particles.f2.mass'], Passed, particle
f2, _charge_check, 1, 1, [], ['particles.f2.charge'], Passed, particle
f3, _type_check, 1, 1, [], ['particles.f3.type'], Passed, particle
f3, _name_check, 1, 1, [], ['particles.f3.name'], Passed, particle
f3, _mass_check, 1, 1, [], ['particles.f3.mass'], Passed, particle
f3, _charge_check, 1, 1, [], ['particles.f3.charge'], Passed, particle
f4, _type_check, 1, 1, [], ['particles.f4.type'], Passed, particle
f4, _name_check, 1, 1, [], ['particles.f4.name'], Passed, particle
f4, _mass_check, 1, 1, [], ['particles.f4.mass'], Passed, particle
f4, _charge_check, 1, 1, [], ['particles.f4.charge'], Passed, particle
f5, _type_check, 1, 1, [], ['particles.f5.type'], Passed, particle
f5, _name_check, 1, 1, [], ['particles.f5.name'], Passed, particle
f5, _mass_check, 1, 1, [], ['particles.f5.mass'], Passed, particle
f5, _charge_check, 1, 1, [], ['particles.f5.charge'], Passed, particle
f6, _type_check, 1, 1, [], ['particles.f6.type'], Passed, particle
f6, _name_check, 1, 1, [], ['particles.f6.name'], Passed, particle
f6, _mass_check, 1, 1, [], ['particles.f6.mass'], Passed, particle
f6, _charge_check, 1, 1, [], ['particles.f6.charge'], Passed, particle
f7, _type_check, 1, 1, [], ['particles.f7.type'], Passed, particle
f7, _name_check, 1, 1, [], ['particles.f7.name'], Passed, particle
f7, _mass_check, 1, 1, [], ['particles.f7.mass'], Passed, particle
f7, _charge_check, 1, 1, [], ['particles.f7.charge'], Passed, particle
f8, _type_check, 1, 1, [], ['particles.f8.type'], Passed, particle
f8, _name_check, 1, 1, [], ['particles.f8.name'], Passed, particle
f8, _mass_check, 1, 1, [], ['particles.f8.mass'], Passed, particle
f8, _charge_check, 1, 1, [], ['particles.f8.charge'], Passed, particle
f9, _type_check, 1, 1, [], ['particles.f9.type'], Passed, particle
f9, _name_check, 1, 1, [], ['particles.f9.name'], Passed, particle
f9, _mass_check, 1, 1, [], ['particles.f9.mass'], Passed, particle
f9, _charge_check, 1, 1, [], ['particles.f9.charge'], Passed, particle
f10, _type_check, 1, 1, [], ['particles.f10.type'], Passed, particle
f10, _name_check, 1, 1, [], ['particles.f10.name'], Passed, particle
f10, _mass_check, 1, 1, [], ['particles.f10.mass'], Passed, particle
f10, _charge_check, 1, 1, [], ['particles.f10.charge'], Passed, particle
f11, _type_check, 1, 1, [], ['particles.f11.type'], Passed, particle
f11, _name_check, 1, 1, [], ['particles.f11.name'], Passed, particle
f11, _mass_check, 1, 1, [], ['particles.f11.mass'], Passed, particle
f11, _charge_check, 1, 1, [], ['particles.f11.charge'], Passed, particle
f12, _type_check, 1, 1, [], ['particles.f12.type'], Passed, particle
f12, _name_check, 1, 1, [], ['particles.f12.name'], Passed, particle
f12, _mass_check, 1, 1, [], ['particles.f12.mass'], Passed, particle
f12, _charge_check, 1, 1, [], ['particles.f12.charge'], Passed, particle
m6, _name_check, 1, 1, [], ['fields.m6.name'], Passed, field
m6, _type_check, 1, 1, [], ['fields.m6.type'], Passed, field
m6, _groups_check, 1, 1, [], ['fields.m6.groups'], Passed, field
m6, _reps_type_check, 1, 1, [], ['fields.m6.reps'], Passed, field
m6, _reps_length_check, 1, 1, [], ['fields.m6.reps'], Passed, field
m6, _reps_value_check, 1, 1, [], ['fields.m6.reps'], Passed, field
m6, _dim_check, 1, 1, [], ['fields.m6.dim'], Passed, field
m6, _gen_check, 1, 1, [], ['fields.m6.gen'], Passed, field
m6, _self_conjugate_check, 1, 1, [], ['fields.m6.self_conjugate'], Passed, field
m6, _particle_list_check, 1, 1, [], ['fields.m6.particles'], Passed, field
m6, _all_particle_pass, 1, 1, [], ['particles.s1', 'particles.s2'], Passed, field
m6, _particle_type_check, 1, 1, [], ['particles.s1', 'particles.s2'], Passed, field
m6, _particle_number_check, 1, 1, [], ['fields.m6.particles', 'fields.m6.dim', 'fields.m6.gen'], Passed, field
m6, _particle_field_consistency, 1, 1, [], ['fields.m6.s1', 'fields.m6.s2'], Passed, field
m6, _gen_type_consistency, 1, 1, [], ['fields.m6.gen'], Passed, field
m6, _sort_reps, 1, 1, [], ['fields.m6.reps'], Passed, field
m6, _reps_dim_consistency, 1, 1, [], ['fields.m6.dim', 'fields.m6.reps.g2'], Passed, field
m6, _conj_charges_consistency, 1, 1, [], ['particles.s1.charge', 'particles.s2.charge', 'fields.m6.self_conjugate'], Passed, field
m6, _rep_charge_consistency, 1, 1, [], ['particles.s1.charge', 'particles.s2.charge'], Passed, field
m6, _sort_particles, 1, 1, [], ['particles.s1', 'particles.s2'], Passed, field
m6, _mass_term_check, 10, 10, [], ['fields.m6.particles.s1.mass', 'fields.m6.particles.s2.mass'], Passed, field
m6, _potential_term_check, 1, 1, [], ['interactions.i4'], Passed, field
m1, _name_check, 1, 1, [], ['fields.m1.name'], Passed, field
m1, _type_check, 1, 1, [], ['fields.m1.type'], Passed, field
m1, _groups_check, 1, 1, [], ['fields.m1.groups'], Passed, field
m1, _reps_type_check, 1, 1, [], ['fields.m1.reps'], Passed, field
m1, _reps_length_check, 1, 1, [], ['fields.m1.reps'], Passed, field
m1, _reps_value_check, 1, 1, [], ['fields.m1.reps'], Passed, field
m1, _dim_check, 1, 1, [], ['fields.m1.dim'], Passed, field
m1, _gen_check, 1, 1, [], ['fields.m1.gen'], Passed, field
m1, _self_conjugate_check, 1, 1, [], ['fields.m1.self_conjugate'], Passed, field
m1, _particle_list_check, 1, 1, [], ['fields.m1.particles'], Passed, field
m1, _all_particle_pass, 1, 1, [], ['particles.f4', 'particles.f1', 'particles.f5', 'particles.f2', 'particles.f6', 'particles.f3'], Passed, field
m1, _particle_type_check, 1, 1, [], ['particles.f4', 'particles.f1', 'particles.f5', 'particles.f2', 'particles.f6', 'particles.f3'], Passed, field
m1, _particle_number_check, 1, 1, [], ['fields.m1.particles', 'fields.m1.dim', 'fields.m1.gen'], Passed, field
m1, _particle_field_consistency, 1, 1, [], ['fields.m1.f4', 'fields.m1.f1', 'fields.m1.f5', 'fields.m1.f2', 'fields.m1.f6', 'fields.m1.f3'], Passed, field
m1, _gen_type_consistency, 1, 1, [], ['fields.m1.gen'], Passed, field
m1, _sort_reps, 1, 1, [], ['fields.m1.reps'], Passed, field
m1, _reps_dim_consistency, 1, 1, [], ['fields.m1.dim', 'fields.m1.reps.g2'], Passed, field
m1, _conj_charges_consistency, 1, 1, [], ['particles.f4.charge', 'particles.f1.charge', 'particles.f5.charge', 'particles.f2.charge', 'particles.f6.charge', 'particles.f3.charge', 'fields.m1.self_conjugate'], Passed, field
m1, _rep_charge_consistency, 1, 1, [], ['particles.f4.charge', 'particles.f1.charge', 'particles.f5.charge', 'particles.f2.charge', 'particles.f6.charge', 'particles.f3.charge'], Passed, field
m1, _sort_particles, 1, 1, [], ['particles.f4', 'particles.f1', 'particles.f5', 'particles.f2', 'particles.f6', 'particles.f3'], Passed, field
m1, _chirality_check, 1, 1, [], ['fields.m1.chirality'], Passed, field
m1, _assign_colors, 1, 1, [], ['fields.m1.reps.g3'], Passed, field
m1, _mass_term_check, 10, 10, [], ['interactions.i1'], Passed, field
m2, _name_check, 1, 1, [], ['fields.m2.name'], Passed, field
m2, _type_check, 1, 1, [], ['fields.m2.type'], Passed, field
m2, _groups_check, 1, 1, [], ['fields.m2.groups'], Passed, field
m2, _reps_type_check, 1, 1, [], ['fields.m2.reps'], Passed, field
m2, _reps_length_check, 1, 1, [], ['fields.m2.reps'], Passed, field
m2, _reps_value_check, 1, 1, [], ['fields.m2.reps'], Passed, field
m2, _dim_check, 1, 1, [], ['fields.m2.dim'], Passed, field
m2, _gen_check, 1, 1, [], ['fields.m2.gen'], Passed, field
m2, _self_conjugate_check, 1, 1, [], ['fields.m2.self_conjugate'], Passed, field
m2, _particle_list_check, 1, 1, [], ['fields.m2.particles'], Passed, field
m2, _all_particle_pass, 1, 1, [], ['particles.f1', 'particles.f2', 'particles.f3'], Passed, field
m2, _particle_type_check, 1, 1, [], ['particles.f1', 'particles.f2', 'particles.f3'], Passed, field
m2, _particle_number_check, 1, 1, [], ['fields.m2.particles', 'fields.m2.dim', 'fields.m2.gen'], Passed, field
m2, _particle_field_consistency, 1, 1, [], ['fields.m2.f1', 'fields.m2.f2', 'fields.m2.f3'], Passed, field
m2, _gen_type_consistency, 1, 1, [], ['fields.m2.gen'], Passed, field
m2, _sort_reps, 1, 1, [], ['fields.m2.reps'], Passed, field
m2, _reps_dim_consistency, 1, 1, [], ['fields.m2.dim', 'fields.m2.reps.g2'], Passed, field
m2, _conj_charges_consistency, 1, 1, [], ['particles.f1.charge', 'particles.f2.charge', 'particles.f3.charge', 'fields.m2.self_conjugate'], Passed, field
m2, _rep_charge_consistency, 1, 1, [], ['particles.f1.charge', 'particles.f2.charge', 'particles.f3.charge'], Passed, field
m2, _sort_particles, 1, 1, [], ['particles.f1', 'particles.f2', 'particles.f3'], Passed, field
m2, _chirality_check, 1, 1, [], ['fields.m2.chirality'], Passed, field
m2, _assign_colors, 1, 1, [], ['fields.m2.reps.g3'], Passed, field
m2, _mass_term_check, 10, 10, [], ['interactions.i1'], Passed, field
m3, _name_check, 1, 1, [], ['fields.m3.name'], Passed, field
m3, _type_check, 1, 1, [], ['fields.m3.type'], Passed, field
m3, _groups_check, 1, 1, [], ['fields.m3.groups'], Passed, field
m3, _reps_type_check, 1, 1, [], ['fields.m3.reps'], Passed, field
m3, _reps_length_check, 1, 1, [], ['fields.m3.reps'], Passed, field
m3, _reps_value_check, 1, 1, [], ['fields.m3.reps'], Passed, field
m3, _dim_check, 1, 1, [], ['fields.m3.dim'], Passed, field
m3, _gen_check, 1, 1, [], ['fields.m3.gen'], Passed, field
m3, _self_conjugate_check, 1, 1, [], ['fields.m3.self_conjugate'], Passed, field
m3, _particle_list_check, 1, 1, [], ['fields.m3.particles'], Passed, field
m3, _all_particle_pass, 1, 1, [], ['particles.f7', 'particles.f8', 'particles.f9', 'particles.f10', 'particles.f11', 'particles.f12'], Passed, field
m3, _particle_type_check, 1, 1, [], ['particles.f7', 'particles.f8', 'particles.f9', 'particles.f10', 'particles.f11', 'particles.f12'], Passed, field
m3, _particle_number_check, 1, 1, [], ['fields.m3.particles', 'fields.m3.dim', 'fields.m3.gen'], Passed, field
m3, _particle_field_consistency, 1, 1, [], ['fields.m3.f7', 'fields.m3.f8', 'fields.m3.f9', 'fields.m3.f10', 'fields.m3.f11', 'fields.m3.f12'], Passed, field
m3, _gen_type_consistency, 1, 1, [], ['fields.m3.gen'], Passed, field
m3, _sort_reps, 1, 1, [], ['fields.m3.reps'], Passed, field
m3, _reps_dim_consistency, 1, 1, [], ['fields.m3.dim', 'fields.m3.reps.g2'], Passed, field
m3, _conj_charges_consistency, 1, 1, [], ['particles.f7.charge', 'particles.f8.charge', 'particles.f9.charge', 'particles.f10.charge', 'particles.f11.charge', 'particles.f12.charge', 'fields.m3.self_conjugate'], Passed, field
m3, _rep_charge_consistency, 1, 1, [], ['particles.f7.charge', 'particles.f8.charge', 'particles.f9.charge', 'particles.f10.charge', 'particles.f11.charge', 'particles.f12.charge'], Passed, field
m3, _sort_particles, 1, 1, [], ['particles.f7', 'particles.f8', 'particles.f9', 'particles.f10', 'particles.f11', 'particles.f12'], Passed, field
m3, _chirality_check, 1, 1, [], ['fields.m3.chirality'], Passed, field
m3, _assign_colors, 1, 1, [], ['fields.m3.reps.g3'], Passed, field
m3, _mass_term_check, 10, 10, [], ['interactions.i2', 'interactions.i3'], Passed, field
m4, _name_check, 1, 1, [], ['fields.m4.name'], Passed, field
m4, _type_check, 1, 1, [], ['fields.m4.type'], Passed, field
m4, _groups_check, 1, 1, [], ['fields.m4.groups'], Passed, field
m4, _reps_type_check, 1, 1, [], ['fields.m4.reps'], Passed, field
m4, _reps_length_check, 1, 1, [], ['fields.m4.reps'], Passed, field
m4, _reps_value_check, 1, 1, [], ['fields.m4.reps'], Passed, field
m4, _dim_check, 1, 1, [], ['fields.m4.dim'], Passed, field
m4, _gen_check, 1, 1, [], ['fields.m4.gen'], Passed, field
m4, _self_conjugate_check, 1, 1, [], ['fields.m4.self_conjugate'], Passed, field
m4, _particle_list_check, 1, 1, [], ['fields.m4.particles'], Passed, field
m4, _all_particle_pass, 1, 1, [], ['particles.f7', 'particles.f9', 'particles.f11'], Passed, field
m4, _particle_type_check, 1, 1, [], ['particles.f7', 'particles.f9', 'particles.f11'], Passed, field
m4, _particle_number_check, 1, 1, [], ['fields.m4.particles', 'fields.m4.dim', 'fields.m4.gen'], Passed, field
m4, _particle_field_consistency, 1, 1, [], ['fields.m4.f7', 'fields.m4.f9', 'fields.m4.f11'], Passed, field
m4, _gen_type_consistency, 1, 1, [], ['fields.m4.gen'], Passed, field
m4, _sort_reps, 1, 1, [], ['fields.m4.reps'], Passed, field
m4, _reps_dim_consistency, 1, 1, [], ['fields.m4.dim', 'fields.m4.reps.g2'], Passed, field
m4, _conj_charges_consistency, 1, 1, [], ['particles.f7.charge', 'particles.f9.charge', 'particles.f11.charge', 'fields.m4.self_conjugate'], Passed, field
m4, _rep_charge_consistency, 1, 1, [], ['particles.f7.charge', 'particles.f9.charge', 'particles.f11.charge'], Passed, field
m4, _sort_particles, 1, 1, [], ['particles.f7', 'particles.f9', 'particles.f11'], Passed, field
m4, _chirality_check, 1, 1, [], ['fields.m4.chirality'], Passed, field
m4, _assign_colors, 1, 1, [], ['fields.m4.reps.g3'], Passed, field
m4, _mass_term_check, 10, 10, [], ['interactions.i2'], Passed, field
m5, _name_check, 1, 1, [], ['fields.m5.name'], Passed, field
m5, _type_check, 1, 1, [], ['fields.m5.type'], Passed, field
m5, _groups_check, 1, 1, [], ['fields.m5.groups'], Passed, field
m5, _reps_type_check, 1, 1, [], ['fields.m5.reps'], Passed, field
m5, _reps_length_check, 1, 1, [], ['fields.m5.reps'], Passed, field
m5, _reps_value_check, 1, 1, [], ['fields.m5.reps'], Passed, field
m5, _dim_check, 1, 1, [], ['fields.m5.dim'], Passed, field
m5, _gen_check, 1, 1, [], ['fields.m5.gen'], Passed, field
m5, _self_conjugate_check, 1, 1, [], ['fields.m5.self_conjugate'], Passed, field
m5, _particle_list_check, 1, 1, [], ['fields.m5.particles'], Passed, field
m5, _all_particle_pass, 1, 1, [], ['particles.f8', 'particles.f10', 'particles.f12'], Passed, field
m5, _particle_type_check, 1, 1, [], ['particles.f8', 'particles.f10', 'particles.f12'], Passed, field
m5, _particle_number_check, 1, 1, [], ['fields.m5.particles', 'fields.m5.dim', 'fields.m5.gen'], Passed, field
m5, _particle_field_consistency, 1, 1, [], ['fields.m5.f8', 'fields.m5.f10', 'fields.m5.f12'], Passed, field
m5, _gen_type_consistency, 1, 1, [], ['fields.m5.gen'], Passed, field
m5, _sort_reps, 1, 1, [], ['fields.m5.reps'], Passed, field
m5, _reps_dim_consistency, 1, 1, [], ['fields.m5.dim', 'fields.m5.reps.g2'], Passed, field
m5, _conj_charges_consistency, 1, 1, [], ['particles.f8.charge', 'particles.f10.charge', 'particles.f12.charge', 'fields.m5.self_conjugate'], Passed, field
m5, _rep_charge_consistency, 1, 1, [], ['particles.f8.charge', 'particles.f10.charge', 'particles.f12.charge'], Passed, field
m5, _sort_particles, 1, 1, [], ['particles.f8', 'particles.f10', 'particles.f12'], Passed, field
m5, _chirality_check, 1, 1, [], ['fields.m5.chirality'], Passed, field
m5, _assign_colors, 1, 1, [], ['fields.m5.reps.g3'], Passed, field
m5, _mass_term_check, 10, 10, [], ['interactions.i3'], Passed, field
i1, _fields_integrity_check, 1, 1, [], ['interactions.i1.fields'], Passed, interaction
i1, _field_check, 1, 1, [], ['fields.m1', 'fields.m2', 'fields.m6'], Passed, interaction
i1, _all_field_pass_checks, 1, 1, [], ['interactions.i1.fields'], Passed, interaction
i1, _sort_field, 1, 1, [], ['interactions.i1.fields'], Passed, interaction
i1, _gen_check, 1, 1, [], ['fields.m1.gen', 'fields.m2.gen'], Passed, interaction
i1, _dim_check, 1, 1, [], ['fields.m1.dim', 'fields.m6.dim'], Passed, interaction
i1, _dirac_bilinear_product, 1, 1, [], ['fields.m1.particles', 'fields.m2.particles'], Passed, interaction
i1, _get_massive_particles, 1, 1, [], ['fields.m1.particles', 'fields.m2.particles'], Passed, interaction
i1, _check_U1Y_gauge_symmetry, 1, 1, [], ['fields.m1.reps.g1', 'fields.m2.reps.g1', 'fields.m6.reps.g1'], Passed, interaction
i1, _yukawa_mass, 1, 1, [], ['interactions.i1.fields'], Passed, interaction
i1, _yukawa_matrix, 1, 1, [], ['interactions.i1.fields'], Passed, interaction
i1, _mixing_matrix, 1, 1, [], ['interactions.i1.fields'], Passed, interaction
i1, _yukawa_lagrangian, 1, 1, [], ['interactions.i1.fields'], Passed, interaction
i2, _fields_integrity_check, 1, 1, [], ['interactions.i2.fields'], Passed, interaction
i2, _field_check, 1, 1, [], ['fields.m3', 'fields.m4', 'fields.m6'], Passed, interaction
i2, _all_field_pass_checks, 1, 1, [], ['interactions.i2.fields'], Passed, interaction
i2, _sort_field, 1, 1, [], ['interactions.i2.fields'], Passed, interaction
i2, _gen_check, 1, 1, [], ['fields.m3.gen', 'fields.m4.gen'], Passed, interaction
i2, _dim_check, 1, 1, [], ['fields.m3.dim', 'fields.m6.dim'], Passed, interaction
i2, _dirac_bilinear_product, 1, 1, [], ['fields.m3.particles', 'fields.m4.particles'], Passed, interaction
i2, _get_massive_particles, 1, 1, [], ['fields.m3.particles', 'fields.m4.particles'], Passed, interaction
i2, _check_U1Y_gauge_symmetry, 1, 1, [], ['fields.m3.reps.g1', 'fields.m4.reps.g1', 'fields.m6.reps.g1'], Passed, interaction
i2, _yukawa_mass, 1, 1, [], ['interactions.i2.fields'], Passed, interaction
i2, _yukawa_matrix, 1, 1, [], ['interactions.i2.fields'], Passed, interaction
i2, _mixing_matrix, 1, 1, [], ['interactions.i2.fields'], Passed, interaction
i2, _yukawa_lagrangian, 1, 1, [], ['interactions.i2.fields'], Passed, interaction
i3, _fields_integrity_check, 1, 1, [], ['interactions.i3.fields'], Passed, interaction
i3, _field_check, 1, 1, [], ['fields.m3', 'fields.m5', 'fields.m6'], Passed, interaction
i3, _all_field_pass_checks, 1, 1, [], ['interactions.i3.fields'], Passed, interaction
i3, _sort_field, 1, 1, [], ['interactions.i3.fields'], Passed, interaction
i3, _gen_check, 1, 1, [], ['fields.m3.gen', 'fields.m5.gen'], Passed, interaction
i3, _dim_check, 1, 1, [], ['fields.m3.dim', 'fields.m6.dim'], Passed, interaction
i3, _dirac_bilinear_product, 1, 1, [], ['fields.m3.particles', 'fields.m5.particles'], Passed, interaction
i3, _get_massive_particles, 1, 1, [], ['fields.m3.particles', 'fields.m5.particles'], Passed, interaction
i3, _check_U1Y_gauge_symmetry, 1, 1, [], ['fields.m3.reps.g1', 'fields.m5.reps.g1', 'fields.m6.reps.g1'], Passed, interaction
i3, _yukawa_mass, 1, 1, [], ['interactions.i3.fields'], Passed, interaction
i3, _yukawa_matrix, 1, 1, [], ['interactions.i3.fields'], Passed, interaction
i3, _mixing_matrix, 1, 1, [], ['interactions.i3.fields'], Passed, interaction
i3, _yukawa_lagrangian, 1, 1, [], ['interactions.i3.fields'], Passed, interaction
i4, _params_check, 1, 1, [], ['interactions.i4.LambdaVar'], Passed, interaction
i4, _fields_integrity_check, 1, 1, [], ['interactions.i4.fields'], Passed, interaction
i4, _field_check, 1, 1, [], ['fields.m6'], Passed, interaction
i4, _all_field_pass_checks, 1, 1, [], ['interactions.i4.fields'], Passed, interaction
i4, _sort_field, 1, 1, [], ['interactions.i4.fields'], Passed, interaction
i4, _scalar_mass, 1, 1, [], ['interactions.i4.fields'], Passed, interaction
i4, _scalar_quartic, 1, 1, [], ['interactions.i4.fields'], Passed, interaction
i4, _scalar_lagrangian, 1, 1, [], ['interactions.i4.fields'], Passed, interaction
global, (left)^3, 1, 1, [], [], Passed, global
global, (color)^3, 1, 1, [], [], Passed, global
global, (hypercharge)x(left)^2, 1, 1, [], [], Passed, global
global, (hypercharge)x(color)^2, 1, 1, [], [], Passed, global
global, (hypercharge)^3, 1, 1, [], [], Passed, global
global, (hypercharge)^2-grav, 1, 1, [], [], Passed, global
